{"cameraMode":{"drawMode":0,"name":"Shaded","section":"Shading Mode"},"sceneLighting":false,"audioPlay":false,"sceneViewState":{"m_AlwaysRefresh":false,"showFog":true,"showSkybox":false,"showFlares":true,"showImageEffects":true,"showParticleSystems":true,"showVisualEffectGraphs":true,"m_FxEnabled":true},"in2DMode":false,"pivot":{"x":521.6973266601563,"y":40.741973876953128,"z":-196.85952758789063},"rotation":{"x":0.15778443217277528,"y":-0.6647990942001343,"z":0.14995531737804414,"w":0.7152571082115173},"size":0.9457213878631592,"orthographic":false}