{"cameraMode":{"drawMode":0,"name":"Shaded","section":"Shading Mode"},"sceneLighting":false,"audioPlay":false,"sceneViewState":{"m_AlwaysRefresh":false,"showFog":true,"showSkybox":false,"showFlares":true,"showImageEffects":true,"showParticleSystems":true,"showVisualEffectGraphs":true,"m_FxEnabled":true},"in2DMode":false,"pivot":{"x":-10.220348358154297,"y":25.456748962402345,"z":-152.28318786621095},"rotation":{"x":0.2908453643321991,"y":-0.06535375118255615,"z":0.019990574568510057,"w":0.9543801546096802},"size":0.8660253882408142,"orthographic":false}