{"cameraMode":{"drawMode":0,"name":"Shaded","section":"Shading Mode"},"sceneLighting":false,"audioPlay":false,"sceneViewState":{"m_AlwaysRefresh":false,"showFog":true,"showSkybox":false,"showFlares":true,"showImageEffects":true,"showParticleSystems":true,"showVisualEffectGraphs":true,"m_FxEnabled":true},"in2DMode":false,"pivot":{"x":526.0067749023438,"y":32.31937026977539,"z":-186.19479370117188},"rotation":{"x":0.17093586921691895,"y":-0.038870178163051608,"z":0.008810782805085183,"w":0.9850689172744751},"size":18.619976043701173,"orthographic":false}